Datum,Datum,luftfeuchtigkeiit,niederschlag10min,cbar20cm,cbar35cm,temp2m,bodentemp20cm,bodentemp35cm,mm,sliding7,sliding13,sliding20,sliding25,sliding30,tempslide25,tempslide7
2020-01-01,01.01.20 00:00,100,0.0,3.2,2.6,-1.3,3.6,4.1,0.0,,,,,,,
2020-02-01,02.01.20 00:00,100,0.0,3.2,2.7,-0.9,3.3,3.9,0.0,,,,,,,
2020-03-01,03.01.20 00:00,99,0.4,3.3,2.8,3.1,3.6,3.9,0.2,,,,,,,
2020-04-01,04.01.20 00:00,88,0.2,3.4,2.8,5.5,4.3,4.4,0.2,,,,,,,
2020-05-01,05.01.20 00:00,96,0.0,3.4,2.9,0.3,3.8,4.3,0.0,,,,,,,
2020-06-01,06.01.20 00:00,100,0.1,3.5,2.9,-0.9,2.9,3.6,0.0,,,,,,,
2020-07-01,07.01.20 00:00,99,0.2,3.6,3.0,1.8,2.5,3.2,0.2,0.6000000000000001,,,,,,1.0857142857142856
2020-08-01,08.01.20 00:00,99,0.0,3.5,3.0,1.4,2.6,3.1,0.0,0.6000000000000001,,,,,,1.4714285714285715
2020-09-01,09.01.20 00:00,86,0.0,3.3,2.8,3.3,2.7,3.2,0.0,0.6000000000000001,,,,,,2.0714285714285716
2020-10-01,10.01.20 00:00,81,0.0,3.4,2.9,6.9,3.1,3.3,0.0,0.4000000000000001,,,,,,2.6142857142857143
2020-11-01,11.01.20 00:00,92,0.0,3.6,3.0,4.1,3.7,3.8,0.0,0.20000000000000007,,,,,,2.414285714285714
2020-12-01,12.01.20 00:00,98,0.0,3.7,3.1,0.4,3.3,3.7,0.0,0.20000000000000007,,,,,,2.428571428571428
2020-01-13,13.01.20 00:00,96,0.0,3.8,3.1,-0.2,2.7,3.3,0.0,0.20000000000000007,0.6000000000000001,,,,,2.528571428571428
2020-01-14,14.01.20 00:00,89,0.0,3.9,3.2,1.3,2.4,3.0,0.0,5.551115123125783e-17,0.6000000000000001,,,,,2.4571428571428564
2020-01-15,15.01.20 00:00,84,0.0,4.1,3.3,3.4,2.1,2.7,0.0,5.551115123125783e-17,0.6000000000000001,,,,,2.7428571428571424
2020-01-16,16.01.20 00:00,91,0.0,4.1,3.3,3.5,2.0,2.6,0.0,5.551115123125783e-17,0.4000000000000001,,,,,2.771428571428571
2020-01-17,17.01.20 00:00,97,4.2,4.1,3.3,2.1,1.9,2.5,2.5000000000000013,2.5000000000000013,2.700000000000001,,,,,2.085714285714285
2020-01-18,18.01.20 00:00,96,2.6,1.8,2.0,3.0,2.3,2.6,2.7000000000000006,5.200000000000002,5.400000000000002,,,,,1.9285714285714277
2020-01-19,19.01.20 00:00,94,0.1,1.8,1.2,-0.2,2.2,2.7,0.1,5.300000000000002,5.500000000000002,,,,,1.842857142857142
2020-01-20,20.01.20 00:00,84,0.0,2.1,1.4,0.8,2.0,2.5,0.0,5.300000000000002,5.300000000000002,5.900000000000002,,,,1.985714285714285
2020-01-21,21.01.20 00:00,97,0.0,2.4,1.7,-2.6,1.8,2.3,0.0,5.300000000000002,5.300000000000002,5.900000000000002,,,,1.4285714285714277
2020-01-22,22.01.20 00:00,100,0.0,2.8,2.0,-3.1,1.6,2.1,0.0,5.300000000000002,5.300000000000002,5.900000000000002,,,,0.4999999999999993
2020-01-23,23.01.20 00:00,99,0.0,3.1,2.3,-2.1,1.5,2.0,0.0,5.300000000000002,5.300000000000002,5.700000000000002,,,,-0.3000000000000007
2020-01-24,24.01.20 00:00,98,0.0,3.2,2.4,-1.0,1.4,1.9,0.0,2.8000000000000003,5.300000000000002,5.500000000000002,,,,-0.7428571428571435
2020-01-25,25.01.20 00:00,100,0.0,3.3,2.5,-1.1,1.4,1.9,0.0,0.09999999999999964,5.300000000000002,5.500000000000002,5.900000000000002,,1.0999999999999996,-1.3285714285714292
2020-01-26,26.01.20 00:00,98,0.5,3.3,2.5,0.7,1.4,1.8,0.30000000000000004,0.2999999999999997,5.600000000000001,5.800000000000002,6.200000000000002,,1.1799999999999997,-1.2000000000000008
2020-01-27,27.01.20 00:00,94,0.6,2.6,2.3,4.9,1.9,2.0,0.4,0.6999999999999997,6.000000000000002,6.000000000000002,6.600000000000002,,1.4119999999999997,-0.614285714285715
2020-01-28,28.01.20 00:00,90,14.9,1.3,1.1,4.8,2.9,2.7,10.099999999999994,10.799999999999994,16.099999999999994,16.099999999999994,16.499999999999996,,1.4799999999999995,0.4428571428571421
2020-01-29,29.01.20 00:00,98,9.1,0.7,0.4,3.5,2.8,2.9,7.999999999999999,18.799999999999994,24.099999999999994,24.099999999999994,24.299999999999997,,1.3999999999999995,1.3857142857142848
2020-01-30,30.01.20 00:00,92,1.4,1.8,1.2,4.7,2.9,3.0,0.8999999999999999,19.699999999999992,22.499999999999993,24.999999999999993,25.199999999999996,25.599999999999994,1.5759999999999996,2.3571428571428568
2020-01-31,31.01.20 00:00,96,0.1,2.1,1.4,9.4,4.1,3.7,0.2,19.89999999999999,19.999999999999993,25.199999999999992,25.399999999999995,25.799999999999994,1.9879999999999995,3.8428571428571425
2020-01-02,01.02.20 00:00,95,7.9,2.2,1.6,8.6,4.6,4.3,5.8,25.699999999999992,25.699999999999992,30.999999999999993,30.999999999999996,31.599999999999994,2.26,5.228571428571429
2020-02-02,02.02.20 00:00,94,8.7,1.2,0.7,10.5,5.5,5.0,7.500000000000003,32.9,33.199999999999996,38.49999999999999,38.5,38.89999999999999,2.6239999999999997,6.628571428571428
2020-03-02,03.02.20 00:00,86,7.7,1.1,0.7,12.5,6.6,6.0,7.099999999999996,39.599999999999994,40.29999999999999,45.59999999999999,45.599999999999994,45.79999999999998,2.992,7.714285714285714
2020-04-02,04.02.20 00:00,89,12.8,1.1,0.6,4.6,6.4,6.3,11.699999999999992,41.19999999999999,51.999999999999986,57.29999999999998,57.29999999999998,57.49999999999997,2.8999999999999995,7.685714285714286
2020-05-02,05.02.20 00:00,88,1.1,1.9,1.3,1.8,5.0,5.4,1.0999999999999999,34.29999999999999,53.09999999999999,58.399999999999984,58.399999999999984,58.59999999999997,2.8079999999999994,7.442857142857143
2020-06-02,06.02.20 00:00,88,0.0,2.6,1.9,-0.5,3.9,4.5,0.0,33.39999999999999,53.09999999999999,55.899999999999984,58.399999999999984,58.39999999999997,2.7719999999999994,6.7
2020-07-02,07.02.20 00:00,91,0.1,2.9,2.2,-0.8,3.0,3.7,0.1,33.29999999999999,53.19999999999999,53.29999999999998,58.499999999999986,58.49999999999997,2.7479999999999993,5.242857142857143
2020-08-02,08.02.20 00:00,91,0.0,3.1,2.4,0.0,2.4,3.1,0.0,27.49999999999999,52.89999999999999,53.19999999999998,58.499999999999986,58.49999999999997,2.6959999999999997,4.014285714285714
2020-09-02,09.02.20 00:00,78,0.1,3.2,2.5,5.0,2.2,2.8,0.0,19.999999999999986,52.49999999999999,53.19999999999998,58.499999999999986,58.49999999999997,2.7599999999999993,3.2285714285714286
2020-10-02,10.02.20 00:00,76,5.5,2.4,1.9,10.0,3.7,3.4,3.800000000000001,16.69999999999999,46.2,56.999999999999986,62.29999999999999,62.299999999999976,3.0199999999999996,2.8714285714285714
2020-11-02,11.02.20 00:00,84,13.6,1.1,0.7,5.6,4.5,4.4,7.699999999999998,12.699999999999996,45.9,64.69999999999999,67.49999999999999,69.99999999999997,3.1599999999999993,3.0142857142857147
2020-12-02,12.02.20 00:00,87,4.9,1.1,0.7,3.2,3.9,4.1,6.899999999999998,18.499999999999993,51.9,71.59999999999998,71.69999999999997,76.89999999999996,3.1679999999999997,3.2142857142857144
2020-02-13,13.02.20 00:00,89,12.9,1.7,1.2,3.1,3.5,3.8,10.2,28.699999999999992,61.89999999999999,81.79999999999998,81.79999999999998,87.09999999999997,3.2999999999999994,3.7285714285714286
2020-02-14,14.02.20 00:00,89,1.0,1.5,1.0,5.5,4.0,4.0,0.9999999999999999,29.59999999999999,57.099999999999994,82.79999999999998,82.79999999999998,88.09999999999997,3.4879999999999995,4.628571428571428
2020-02-15,15.02.20 00:00,93,0.1,2.4,1.8,3.2,3.9,4.1,0.0,29.59999999999999,49.599999999999994,82.49999999999999,82.79999999999998,88.09999999999997,3.7199999999999993,5.085714285714286
2020-02-16,16.02.20 00:00,74,0.0,2.8,2.1,8.4,3.9,4.1,0.0,29.59999999999999,42.5,82.09999999999998,82.79999999999998,85.59999999999997,4.18,5.571428571428571
2020-02-17,17.02.20 00:00,82,4.2,3.0,2.3,9.2,4.9,4.7,1.7000000000000006,27.49999999999999,32.500000000000014,73.69999999999999,84.49999999999999,84.59999999999997,4.632,5.457142857142857
2020-02-18,18.02.20 00:00,83,0.0,2.1,1.6,4.4,4.8,4.9,1.4000000000000001,21.19999999999999,32.80000000000001,67.1,85.89999999999999,85.89999999999998,4.848,5.285714285714286
2020-02-19,19.02.20 00:00,80,5.8,1.8,1.3,4.4,4.4,4.6,4.200000000000001,18.499999999999993,37.000000000000014,70.39999999999999,90.1,90.09999999999998,5.068,5.457142857142856
2020-02-20,20.02.20 00:00,80,0.0,2.0,1.4,5.6,4.3,4.5,0.0,8.299999999999994,36.90000000000001,70.19999999999999,89.8,90.09999999999998,5.263999999999999,5.814285714285714
2020-02-21,21.02.20 00:00,72,0.5,2.7,2.0,5.3,4.7,4.7,0.4,7.699999999999994,37.30000000000001,64.8,89.8,90.49999999999999,5.28,5.785714285714285
2020-02-22,22.02.20 00:00,76,0.0,3.0,2.3,5.4,4.3,4.6,0.0,7.699999999999994,37.30000000000001,57.3,79.7,90.49999999999999,5.303999999999999,6.099999999999999
2020-02-23,23.02.20 00:00,49,0.0,3.4,2.6,12.7,5.0,4.9,0.0,7.699999999999994,33.50000000000001,50.2,71.7,90.49999999999999,5.672,6.7142857142857135
2020-02-24,24.02.20 00:00,65,0.0,3.7,2.8,13.6,6.2,5.8,0.0,5.999999999999993,25.800000000000008,38.500000000000014,70.8,90.49999999999999,6.028,7.342857142857142
2020-02-25,25.02.20 00:00,83,11.0,3.6,2.9,7.5,6.2,6.1,8.200000000000001,12.799999999999994,27.10000000000001,45.600000000000016,78.8,98.39999999999999,5.951999999999999,7.785714285714285
2020-02-26,26.02.20 00:00,93,12.2,0.9,0.7,1.8,5.4,5.7,11.1,19.69999999999999,28.00000000000001,56.70000000000002,84.1,109.09999999999998,5.68,7.414285714285713
2020-02-27,27.02.20 00:00,90,9.5,1.6,1.0,1.9,4.4,4.9,6.899999999999997,26.599999999999987,33.900000000000006,63.500000000000014,83.49999999999999,105.89999999999998,5.336,6.885714285714284
2020-02-28,28.02.20 00:00,65,0.0,1.9,1.3,4.4,4.1,4.4,0.0,26.19999999999999,33.900000000000006,63.500000000000014,76.39999999999999,97.89999999999998,5.0120000000000005,6.757142857142855
2020-02-29,29.02.20 00:00,73,14.5,2.5,1.8,8.1,4.9,4.9,8.400000000000002,34.599999999999994,42.30000000000001,71.90000000000002,73.10000000000001,105.39999999999998,5.152,7.1428571428571415
2020-01-03,01.03.20 00:00,83,7.5,1.4,0.9,7.6,5.8,5.5,9.099999999999996,43.69999999999999,49.7,77.20000000000002,81.10000000000001,114.29999999999997,5.3839999999999995,6.414285714285713
2020-02-03,02.03.20 00:00,94,7.5,2.2,1.5,3.6,5.5,5.7,3.4000000000000012,47.09999999999999,51.7,72.90000000000002,84.50000000000001,111.89999999999998,5.547999999999999,4.985714285714285
2020-03-03,03.03.20 00:00,81,7.4,1.5,1.0,3.7,5.2,5.4,9.099999999999998,47.999999999999986,56.599999999999994,75.10000000000002,93.50000000000001,113.49999999999997,5.728,4.442857142857142
2020-04-03,04.03.20 00:00,81,1.8,2.4,1.7,3.7,5.0,5.2,1.6000000000000003,38.499999999999986,58.199999999999996,66.50000000000001,95.10000000000001,107.99999999999997,5.8759999999999994,4.714285714285714
2020-05-03,05.03.20 00:00,94,10.8,1.9,1.3,5.6,5.2,5.4,8.299999999999997,39.899999999999984,66.1,73.80000000000001,103.4,104.59999999999998,5.899999999999999,5.242857142857143
2020-06-03,06.03.20 00:00,81,0.8,2.0,1.3,5.4,5.4,5.5,0.7999999999999999,40.69999999999998,66.89999999999999,74.60000000000001,100.4,104.29999999999998,5.715999999999999,5.385714285714286
2020-07-03,07.03.20 00:00,82,1.5,2.6,1.9,3.6,5.2,5.3,1.2000000000000002,33.499999999999986,68.1,75.80000000000001,93.9,105.49999999999999,5.635999999999999,4.742857142857143
2020-08-03,08.03.20 00:00,80,0.0,3.0,2.2,3.1,4.7,5.0,0.0,24.39999999999999,68.1,74.10000000000001,87.00000000000001,105.39999999999999,5.632,4.1000000000000005
2020-09-03,09.03.20 00:00,89,3.2,2.9,2.2,5.4,5.2,5.2,2.2000000000000006,23.19999999999999,62.099999999999994,74.9,79.00000000000001,107.6,5.724,4.357142857142857
2020-10-03,10.03.20 00:00,96,10.5,1.9,1.5,4.4,5.1,5.3,7.899999999999999,21.99999999999999,58.9,78.60000000000001,85.9,115.5,5.68,4.457142857142857
2020-11-03,11.03.20 00:00,85,0.0,2.1,1.4,11.3,6.0,5.7,0.2,20.599999999999987,52.2,78.80000000000001,86.10000000000001,111.9,6.004000000000001,5.542857142857143
2020-12-03,12.03.20 00:00,82,0.0,3.0,2.1,11.2,6.9,6.5,0.0,12.29999999999999,52.2,78.4,86.10000000000001,104.2,6.1160000000000005,6.3428571428571425
2020-03-13,13.03.20 00:00,70,0.0,3.5,2.6,7.1,7.3,6.9,0.0,11.49999999999999,43.8,78.4,84.4,97.30000000000001,6.032,6.585714285714286
2020-03-14,14.03.20 00:00,80,0.0,3.8,2.9,4.0,6.4,6.6,0.0,10.29999999999999,34.7,78.4,83.0,87.10000000000001,6.016,6.642857142857143
2020-03-15,15.03.20 00:00,82,0.0,4.0,3.1,5.3,6.1,6.3,0.0,10.29999999999999,31.3,78.4,78.8,86.10000000000001,6.0520000000000005,6.957142857142856
2020-03-16,16.03.20 00:00,80,0.0,4.3,3.3,7.7,6.3,6.3,0.1,8.199999999999989,22.300000000000004,70.3,78.89999999999999,86.2,6.136,7.285714285714286
2020-03-17,17.03.20 00:00,81,0.0,4.6,3.5,9.1,7.0,6.8,0.0,0.29999999999999005,20.700000000000003,59.199999999999996,78.49999999999999,86.2,6.287999999999999,7.957142857142857
2020-03-18,18.03.20 00:00,81,0.0,4.8,3.6,9.8,7.4,7.2,0.4,0.49999999999999006,12.800000000000004,52.699999999999996,78.89999999999999,84.9,6.4639999999999995,7.742857142857143
2020-03-19,19.03.20 00:00,82,0.0,5.1,3.8,10.3,7.7,7.5,0.0,0.49999999999999006,12.000000000000004,52.699999999999996,78.89999999999999,83.5,6.368,7.614285714285714
2020-03-20,20.03.20 00:00,84,0.4,5.3,3.9,11.0,8.2,7.9,0.4,0.8999999999999901,11.200000000000003,44.69999999999999,79.3,79.7,6.264000000000001,8.17142857142857
2020-03-21,21.03.20 00:00,95,0.0,5.5,4.1,6.1,8.3,8.1,0.0,0.8999999999999901,11.200000000000003,35.599999999999994,71.1,79.7,6.208000000000001,8.471428571428572
2020-03-22,22.03.20 00:00,75,0.0,5.8,4.1,3.9,7.4,7.7,0.0,0.8999999999999901,9.000000000000002,32.199999999999996,59.99999999999999,79.3,6.292000000000001,8.27142857142857
2020-03-23,23.03.20 00:00,51,0.0,6.0,4.2,2.3,6.4,6.9,0.0,0.7999999999999902,1.1000000000000032,23.099999999999998,53.099999999999994,79.3,6.308000000000001,7.499999999999999
2020-03-24,24.03.20 00:00,48,0.0,6.3,4.3,2.3,5.8,6.4,0.0,0.7999999999999902,0.9000000000000032,21.499999999999996,53.099999999999994,79.3,6.224000000000001,6.528571428571427
2020-03-25,25.03.20 00:00,53,0.0,6.6,4.4,2.5,5.6,6.1,0.0,0.39999999999999014,0.9000000000000032,13.2,44.69999999999999,79.3,6.000000000000001,5.485714285714285
2020-03-26,26.03.20 00:00,66,0.0,6.9,4.5,1.6,5.4,5.9,0.0,0.39999999999999014,0.9000000000000032,12.399999999999999,35.599999999999994,71.1,5.760000000000002,4.242857142857142
2020-03-27,27.03.20 00:00,74,0.0,7.2,4.6,4.4,5.5,5.7,0.0,-9.880984919163893e-15,0.9000000000000032,11.2,32.199999999999996,59.99999999999999,5.792000000000002,3.2999999999999994
2020-03-28,28.03.20 00:00,75,0.0,7.5,4.7,7.8,6.2,6.1,0.0,-9.880984919163893e-15,0.9000000000000032,11.2,23.099999999999998,53.099999999999994,5.956000000000002,3.5428571428571423
2020-03-29,29.03.20 00:00,85,6.6,7.9,4.9,4.6,6.6,6.6,6.899999999999998,6.899999999999988,7.700000000000001,15.899999999999997,28.399999999999995,59.99999999999999,5.992000000000003,3.642857142857143
2020-03-30,30.03.20 00:00,83,2.1,7.9,5.0,1.4,5.8,6.2,1.5000000000000002,8.399999999999988,9.200000000000001,9.5,21.599999999999998,53.099999999999994,5.824000000000003,3.514285714285714
2020-03-31,31.03.20 00:00,61,0.0,7.4,5.1,2.1,5.2,5.7,0.0,8.399999999999988,8.8,9.3,20.799999999999997,44.0,5.692000000000003,3.4857142857142853
2020-01-04,01.04.20 00:00,62,0.0,7.3,5.1,3.1,5.2,5.5,0.0,8.399999999999988,8.8,9.3,19.599999999999998,40.6,5.672000000000002,3.5714285714285716
2020-02-04,02.04.20 00:00,63,0.0,7.5,5.3,5.1,5.4,5.7,0.0,8.399999999999988,8.4,9.3,19.599999999999998,31.500000000000004,5.7520000000000024,4.071428571428571
2020-03-04,03.04.20 00:00,62,0.0,7.8,5.4,6.8,6.1,6.1,0.0,8.399999999999988,8.4,9.3,17.4,29.900000000000002,5.808000000000003,4.414285714285714
2020-04-04,04.04.20 00:00,66,0.0,8.2,5.6,7.5,6.5,6.5,0.0,8.399999999999988,8.4,9.3,9.5,21.600000000000005,5.932000000000003,4.371428571428571
2020-05-04,05.04.20 00:00,63,0.0,8.6,5.8,8.9,6.9,6.8,0.0,1.4999999999999902,8.4,9.200000000000001,9.3,20.800000000000004,5.836000000000002,4.985714285714286
2020-06-04,06.04.20 00:00,63,0.0,9.1,6.0,10.6,7.4,7.2,0.0,-9.992007221626409e-15,8.4,9.200000000000001,9.3,19.600000000000005,5.812000000000003,6.3
2020-07-04,07.04.20 00:00,63,0.0,9.7,6.2,11.8,7.9,7.6,0.0,-9.992007221626409e-15,8.4,8.8,9.3,19.600000000000005,6.0000000000000036,7.685714285714286
2020-08-04,08.04.20 00:00,61,0.0,10.4,6.4,12.4,8.4,8.0,0.0,-9.992007221626409e-15,8.4,8.8,9.3,17.400000000000006,6.336000000000004,9.014285714285714
2020-09-04,09.04.20 00:00,61,0.0,11.2,6.7,12.6,8.9,8.5,0.0,-9.992007221626409e-15,8.4,8.4,9.3,9.500000000000007,6.628000000000003,10.085714285714287
2020-10-04,10.04.20 00:00,60,0.0,12.3,7.1,12.8,9.1,8.8,0.0,-9.992007221626409e-15,8.4,8.4,9.200000000000001,9.300000000000008,6.832000000000004,10.942857142857145
2020-11-04,11.04.20 00:00,62,0.0,13.7,7.5,13.0,9.3,9.0,0.0,-9.992007221626409e-15,1.5000000000000027,8.4,9.200000000000001,9.300000000000008,6.988000000000004,11.72857142857143
2020-12-04,12.04.20 00:00,62,0.0,15.4,8.1,13.7,9.6,9.3,0.0,-9.992007221626409e-15,2.4424906541753444e-15,8.4,8.8,9.300000000000008,7.144000000000003,12.414285714285715
2020-04-13,13.04.20 00:00,55,0.0,17.6,8.8,15.3,10.3,9.7,0.0,-9.992007221626409e-15,2.4424906541753444e-15,8.4,8.8,9.300000000000008,7.344000000000003,13.085714285714287
2020-04-14,14.04.20 00:00,52,0.0,20.8,9.7,7.8,10.3,10.0,0.0,-9.992007221626409e-15,2.4424906541753444e-15,8.4,8.4,9.300000000000008,7.216000000000004,12.514285714285716
2020-04-15,15.04.20 00:00,56,0.0,23.6,10.5,8.6,9.4,9.5,0.0,-9.992007221626409e-15,2.4424906541753444e-15,8.4,8.4,9.200000000000008,7.316000000000003,11.971428571428572
2020-04-16,16.04.20 00:00,63,0.0,28.4,11.7,12.2,9.5,9.4,0.0,-9.992007221626409e-15,2.4424906541753444e-15,8.4,8.4,9.200000000000008,7.648000000000003,11.914285714285715
2020-04-17,17.04.20 00:00,67,0.0,33.3,13.4,14.7,10.1,9.7,0.0,-9.992007221626409e-15,2.4424906541753444e-15,8.4,8.4,8.800000000000008,8.144000000000002,12.185714285714287
2020-04-18,18.04.20 00:00,69,0.0,39.2,15.7,15.0,10.7,10.2,0.0,-9.992007221626409e-15,2.4424906541753444e-15,1.5000000000000027,8.4,8.800000000000008,8.652000000000001,12.471428571428573
2020-04-19,19.04.20 00:00,72,0.0,44.8,18.6,15.3,11.0,10.5,0.0,-9.992007221626409e-15,2.4424906541753444e-15,2.4424906541753444e-15,8.4,8.400000000000007,9.164000000000001,12.700000000000001
2020-04-20,20.04.20 00:00,65,0.0,52.4,22.6,14.3,11.7,10.9,0.0,-9.992007221626409e-15,2.4424906541753444e-15,2.4424906541753444e-15,8.4,8.400000000000007,9.672000000000002,12.557142857142859
2020-04-21,21.04.20 00:00,60,0.0,58.9,26.3,12.6,11.4,11.0,0.0,-9.992007221626409e-15,2.4424906541753444e-15,2.4424906541753444e-15,8.4,8.400000000000007,10.000000000000002,13.242857142857144
2020-04-22,22.04.20 00:00,52,0.0,63.7,31.2,13.6,11.1,10.8,0.0,-9.992007221626409e-15,2.4424906541753444e-15,2.4424906541753444e-15,8.4,8.400000000000007,10.232000000000003,13.957142857142857
2020-04-23,23.04.20 00:00,54,0.0,68.5,37.2,13.4,11.1,10.8,0.0,-9.992007221626409e-15,2.4424906541753444e-15,2.4424906541753444e-15,1.5000000000000027,8.400000000000007,10.584000000000001,14.12857142857143
2020-04-24,24.04.20 00:00,61,0.0,72.0,44.0,13.5,11.1,10.9,0.0,-9.992007221626409e-15,2.4424906541753444e-15,2.4424906541753444e-15,2.4424906541753444e-15,8.400000000000007,11.068000000000001,13.957142857142857
2020-04-25,25.04.20 00:00,64,0.1,73.6,51.3,15.9,11.6,11.1,0.1,0.09999999999999001,0.10000000000000245,0.10000000000000245,0.10000000000000245,8.500000000000007,11.62,14.085714285714287
2020-04-26,26.04.20 00:00,66,1.1,75.1,59.1,14.0,12.2,11.6,1.0,1.09999999999999,1.1000000000000025,1.1000000000000025,1.1000000000000025,9.500000000000007,12.056,13.900000000000002
2020-04-27,27.04.20 00:00,73,0.1,76.4,65.3,15.3,12.5,11.9,0.0,1.09999999999999,1.1000000000000025,1.1000000000000025,1.1000000000000025,9.500000000000007,12.463999999999999,14.042857142857144
2020-04-28,28.04.20 00:00,95,21.7,77.4,69.9,12.4,12.7,12.1,20.799999999999994,21.899999999999984,21.899999999999995,21.899999999999995,21.899999999999995,23.400000000000002,12.687999999999997,14.014285714285718
2020-04-29,29.04.20 00:00,88,9.4,77.9,70.6,10.6,12.3,11.9,9.599999999999994,31.49999999999998,31.49999999999999,31.49999999999999,31.49999999999999,31.5,12.811999999999998,13.585714285714289
2020-04-30,30.04.20 00:00,95,5.7,77.6,70.1,9.7,11.9,11.8,5.199999999999999,36.699999999999974,36.69999999999999,36.69999999999999,36.69999999999999,36.7,12.844,13.05714285714286
2020-01-05,01.05.20 00:00,94,19.2,69.2,68.6,9.6,11.6,11.5,18.10000000000001,54.79999999999998,54.8,54.8,54.8,54.80000000000001,12.803999999999998,12.500000000000002
2020-02-05,02.05.20 00:00,93,13.6,4.7,59.2,10.1,11.5,11.3,11.599999999999998,66.29999999999998,66.39999999999999,66.39999999999999,66.39999999999999,66.4,12.735999999999999,11.671428571428573
2020-03-05,03.05.20 00:00,86,0.0,3.0,49.3,9.9,11.5,11.3,0.1,65.39999999999998,66.49999999999999,66.49999999999999,66.49999999999999,66.5,12.636,11.085714285714287
2020-04-05,04.05.20 00:00,83,0.5,3.1,43.2,14.4,12.1,11.7,0.5,65.89999999999998,66.99999999999999,66.99999999999999,66.99999999999999,67.0,12.707999999999997,10.957142857142859
2020-05-05,05.05.20 00:00,99,13.3,2.5,35.7,11.5,12.5,12.1,12.399999999999997,57.49999999999997,79.39999999999998,79.39999999999998,79.39999999999998,79.39999999999999,12.655999999999997,10.828571428571431
2020-06-05,06.05.20 00:00,81,1.6,1.8,17.4,10.6,12.3,12.0,1.7000000000000002,49.59999999999998,81.09999999999998,81.09999999999998,81.09999999999998,81.1,12.559999999999997,10.828571428571431
2020-07-05,07.05.20 00:00,73,0.0,3.0,3.0,11.6,11.9,11.8,0.0,44.39999999999998,81.09999999999998,81.09999999999998,81.09999999999998,81.1,12.475999999999999,11.1
2020-08-05,08.05.20 00:00,77,0.0,3.8,3.8,15.9,12.3,12.0,0.0,26.29999999999997,80.99999999999999,81.09999999999998,81.09999999999998,81.1,12.499999999999998,12.000000000000002
2020-09-05,09.05.20 00:00,71,0.1,4.7,4.7,18.6,13.3,12.6,0.0,14.69999999999997,79.99999999999999,81.09999999999998,81.09999999999998,81.1,12.931999999999999,13.214285714285719
2020-10-05,10.05.20 00:00,81,1.2,5.5,5.4,18.2,14.2,13.3,1.0999999999999999,15.69999999999997,81.09999999999998,82.19999999999997,82.19999999999997,82.19999999999999,13.315999999999997,14.400000000000004
2020-11-05,11.05.20 00:00,96,13.1,7.2,5.8,11.4,14.2,13.7,11.099999999999994,26.299999999999965,71.39999999999998,93.29999999999997,93.29999999999997,93.29999999999998,13.283999999999997,13.971428571428575
2020-12-05,12.05.20 00:00,84,1.6,3.7,5.4,6.9,12.8,12.9,1.7000000000000006,15.599999999999968,63.499999999999986,94.99999999999997,94.99999999999997,94.99999999999999,12.971999999999996,13.314285714285718
2020-05-13,13.05.20 00:00,99,6.3,3.6,3.8,8.1,12.2,12.3,5.6000000000000005,19.499999999999968,63.89999999999998,100.59999999999997,100.59999999999997,100.59999999999998,12.695999999999996,12.95714285714286
2020-05-14,14.05.20 00:00,95,5.8,2.0,1.3,8.9,12.0,12.0,5.799999999999999,25.29999999999997,51.599999999999966,106.39999999999996,106.39999999999996,106.39999999999998,12.439999999999996,12.571428571428578
2020-05-15,15.05.20 00:00,87,0.3,3.0,1.9,10.3,11.9,11.9,0.2,25.499999999999968,40.199999999999974,106.49999999999997,106.59999999999997,106.59999999999998,12.279999999999996,11.771428571428576
2020-05-16,16.05.20 00:00,81,0.0,3.9,2.5,10.8,11.7,11.7,0.0,25.499999999999968,40.09999999999997,105.49999999999997,106.59999999999997,106.59999999999998,12.207999999999995,10.65714285714286
2020-05-17,17.05.20 00:00,73,0.0,4.4,3.2,13.7,12.2,11.9,0.0,24.399999999999967,39.59999999999997,105.49999999999997,106.59999999999997,106.59999999999998,12.211999999999994,10.014285714285718
2020-05-18,18.05.20 00:00,68,0.0,5.2,3.7,15.6,12.6,12.3,0.0,13.299999999999972,27.199999999999974,84.69999999999997,106.59999999999997,106.59999999999998,12.299999999999995,10.614285714285716
2020-05-19,19.05.20 00:00,68,0.0,5.6,4.1,17.3,13.2,12.7,0.0,11.599999999999971,25.499999999999975,75.09999999999998,106.59999999999997,106.59999999999998,12.451999999999996,12.1
2020-05-20,20.05.20 00:00,65,0.0,6.4,4.4,17.9,13.8,13.3,0.0,5.999999999999971,25.499999999999975,69.89999999999998,106.49999999999997,106.59999999999998,12.531999999999996,13.5
2020-05-21,21.05.20 00:00,72,0.0,7.5,4.7,17.4,13.9,13.5,0.0,0.19999999999997176,25.499999999999975,51.79999999999997,105.49999999999997,106.59999999999998,12.667999999999996,14.714285714285714
2020-05-22,22.05.20 00:00,77,0.0,8.7,5.0,17.7,14.2,13.8,0.0,-2.8255175976710234e-14,25.499999999999975,40.199999999999974,105.49999999999997,106.59999999999998,12.763999999999994,15.771428571428572
2020-05-23,23.05.20 00:00,95,12.4,9.4,5.2,13.9,14.5,14.0,11.099999999999994,11.099999999999966,35.499999999999964,51.19999999999997,95.79999999999997,117.69999999999997,12.823999999999995,16.214285714285715
2020-05-24,24.05.20 00:00,79,0.0,9.4,5.4,11.9,13.6,13.5,0.1,11.199999999999966,24.49999999999997,50.79999999999997,86.29999999999997,117.79999999999997,12.875999999999992,15.957142857142859
2020-05-25,25.05.20 00:00,76,0.0,8.9,5.5,13.5,13.4,13.3,0.0,11.199999999999966,22.799999999999972,38.39999999999997,81.09999999999997,117.69999999999997,13.027999999999993,15.65714285714286
2020-05-26,26.05.20 00:00,70,0.0,9.4,5.6,14.3,13.8,13.4,0.0,11.199999999999966,17.19999999999997,36.69999999999997,62.99999999999996,116.69999999999997,13.215999999999992,15.228571428571431
2020-05-27,27.05.20 00:00,63,0.0,9.9,5.7,14.8,14.4,14.0,0.0,11.199999999999966,11.399999999999972,36.69999999999997,51.39999999999996,116.69999999999997,13.403999999999991,14.78571428571429
2020-05-28,28.05.20 00:00,70,0.0,10.5,5.8,14.8,15.1,14.7,0.0,11.199999999999966,11.199999999999973,36.69999999999997,51.29999999999996,95.89999999999998,13.599999999999993,14.41428571428572
2020-05-29,29.05.20 00:00,58,0.0,11.0,5.9,14.5,15.4,15.0,0.0,11.199999999999966,11.199999999999973,36.69999999999997,50.79999999999996,86.29999999999998,13.603999999999994,13.95714285714286
2020-05-30,30.05.20 00:00,64,0.0,11.2,6.1,13.9,15.5,15.2,0.0,0.09999999999997122,11.199999999999973,35.599999999999966,38.39999999999996,81.09999999999998,13.699999999999994,13.95714285714286
2020-05-31,31.05.20 00:00,62,0.0,10.9,6.3,14.2,15.7,15.4,0.0,-2.8782531913407183e-14,11.199999999999973,24.49999999999997,36.69999999999996,62.99999999999997,13.843999999999992,14.28571428571429
2020-01-06,01.06.20 00:00,63,0.0,11.7,6.6,16.0,16.1,15.7,0.0,-2.8782531913407183e-14,11.199999999999973,22.799999999999972,36.69999999999996,51.39999999999998,14.01999999999999,14.642857142857148
2020-02-06,02.06.20 00:00,62,0.0,12.6,7.0,17.6,16.7,16.2,0.0,-2.8782531913407183e-14,11.199999999999973,17.19999999999997,36.69999999999996,51.299999999999976,14.087999999999992,15.114285714285717
2020-03-06,03.06.20 00:00,66,0.0,14.0,7.4,17.6,17.1,16.7,0.0,-2.8782531913407183e-14,11.199999999999973,11.399999999999972,36.69999999999996,50.799999999999976,14.047999999999993,15.51428571428572
2020-04-06,04.06.20 00:00,93,11.4,15.1,7.9,14.7,17.0,16.7,10.899999999999997,10.899999999999968,22.09999999999997,22.09999999999997,46.49999999999996,49.299999999999976,13.907999999999992,15.500000000000005
2020-05-06,05.06.20 00:00,90,8.3,15.7,8.0,12.5,15.9,16.0,7.699999999999998,18.599999999999966,18.699999999999974,29.79999999999997,43.09999999999996,55.29999999999997,13.951999999999993,15.21428571428572
2020-06-06,06.06.20 00:00,81,2.5,16.1,8.2,15.7,15.7,15.6,2.1,20.699999999999967,20.699999999999974,31.89999999999997,43.49999999999996,57.39999999999997,14.303999999999995,15.471428571428577
2020-07-06,07.06.20 00:00,94,16.2,9.5,8.5,12.0,16.0,15.8,15.299999999999992,35.99999999999996,35.999999999999964,47.19999999999996,53.199999999999946,72.69999999999996,14.459999999999994,15.157142857142862
2020-08-06,08.06.20 00:00,82,3.0,3.1,8.6,13.7,16.1,15.7,2.600000000000001,38.59999999999996,38.599999999999966,49.79999999999996,49.99999999999995,75.29999999999995,14.651999999999994,14.828571428571435
2020-09-06,09.06.20 00:00,96,3.7,2.2,8.0,12.4,16.1,15.9,3.5000000000000013,42.09999999999996,42.099999999999966,53.29999999999996,53.29999999999995,77.69999999999996,14.735999999999992,14.085714285714293
2020-10-06,10.06.20 00:00,95,11.5,2.2,5.9,13.6,16.0,15.7,9.4,51.49999999999996,51.499999999999964,62.69999999999996,62.699999999999946,75.99999999999997,14.847999999999992,13.514285714285721
2020-11-06,11.06.20 00:00,86,0.4,1.8,1.3,15.1,16.3,15.8,0.4,40.99999999999996,51.89999999999996,63.09999999999996,63.099999999999945,74.69999999999997,14.903999999999995,13.571428571428578
2020-12-06,12.06.20 00:00,75,0.0,3.0,2.3,18.2,17.1,16.4,0.0,33.29999999999996,51.89999999999996,51.999999999999964,63.099999999999945,69.09999999999998,15.007999999999992,14.385714285714291
2020-06-13,13.06.20 00:00,87,12.2,3.4,2.9,16.5,17.9,17.1,11.999999999999993,43.19999999999995,63.899999999999956,63.899999999999956,75.09999999999994,75.29999999999997,14.975999999999992,14.500000000000005
2020-06-14,14.06.20 00:00,96,2.2,1.7,1.2,13.9,17.2,17.0,1.9000000000000001,29.79999999999996,65.79999999999995,65.79999999999995,76.99999999999994,76.99999999999997,14.815999999999992,14.771428571428578
2020-06-15,15.06.20 00:00,89,1.6,2.5,1.7,15.5,16.8,16.6,0.0,27.19999999999996,65.79999999999995,65.79999999999995,76.99999999999994,76.99999999999997,14.739999999999993,15.028571428571436
2020-06-16,16.06.20 00:00,83,0.0,3.1,2.2,17.1,17.1,16.7,0.0,23.69999999999996,65.79999999999995,65.79999999999995,76.99999999999994,76.99999999999997,14.715999999999994,15.700000000000005
2020-06-17,17.06.20 00:00,99,22.9,2.4,1.8,14.1,17.3,17.0,21.800000000000008,36.09999999999997,76.69999999999997,87.59999999999997,87.69999999999996,98.79999999999998,14.723999999999997,15.771428571428576
2020-06-18,18.06.20 00:00,88,2.0,2.6,1.9,14.3,16.8,16.6,1.7000000000000002,37.39999999999998,70.69999999999997,89.29999999999997,89.29999999999997,100.49999999999999,14.819999999999999,15.657142857142862
2020-06-19,19.06.20 00:00,95,26.6,2.1,1.6,13.3,16.9,16.7,24.799999999999997,62.199999999999974,93.39999999999998,114.09999999999997,114.09999999999997,125.29999999999998,14.811999999999998,14.95714285714286
2020-06-20,20.06.20 00:00,83,0.0,2.6,1.9,16.2,17.1,16.7,0.0,50.19999999999998,78.09999999999998,114.09999999999997,114.09999999999997,125.29999999999998,14.887999999999998,14.91428571428572
2020-06-21,21.06.20 00:00,76,0.0,3.6,2.7,17.7,18.0,17.4,0.0,48.29999999999998,75.49999999999999,114.09999999999997,114.09999999999997,125.29999999999998,15.003999999999996,15.45714285714286
2020-06-22,22.06.20 00:00,76,0.0,4.2,3.3,19.5,18.5,17.8,0.0,48.29999999999998,71.99999999999999,114.09999999999997,114.09999999999997,114.19999999999999,15.191999999999997,16.028571428571432
2020-06-23,23.06.20 00:00,70,0.0,5.0,3.8,20.1,19.0,18.3,0.0,48.29999999999998,62.59999999999999,114.09999999999997,114.09999999999997,114.1,15.415999999999997,16.457142857142863
2020-06-24,24.06.20 00:00,66,0.0,5.8,4.3,20.5,19.3,18.6,0.0,26.499999999999975,62.19999999999999,103.19999999999997,114.09999999999997,114.1,15.679999999999998,17.371428571428577
2020-06-25,25.06.20 00:00,69,0.0,6.6,4.7,20.4,19.4,18.8,0.0,24.799999999999976,62.19999999999999,95.49999999999997,114.09999999999997,114.1,15.927999999999997,18.24285714285715
2020-06-26,26.06.20 00:00,81,0.0,7.5,5.0,20.4,19.6,19.0,0.1,0.0999999999999801,50.3,93.49999999999997,114.19999999999996,114.19999999999999,16.103999999999996,19.257142857142863
2020-06-27,27.06.20 00:00,83,1.0,8.5,5.3,20.4,19.6,19.0,0.7999999999999999,0.89999999999998,49.199999999999996,78.99999999999997,114.99999999999996,114.99999999999999,16.215999999999994,19.857142857142865
2020-06-28,28.06.20 00:00,85,9.2,9.5,5.6,19.6,19.7,19.1,7.2,8.09999999999998,56.4,83.59999999999998,122.19999999999996,122.19999999999999,16.295999999999996,20.128571428571437
2020-06-29,29.06.20 00:00,92,21.2,4.8,4.7,16.9,19.2,18.9,19.99999999999999,28.09999999999997,76.39999999999999,100.09999999999997,131.29999999999995,142.2,16.383999999999993,19.757142857142867
2020-06-30,30.06.20 00:00,76,0.0,2.5,3.6,18.4,18.9,18.6,0.0,28.09999999999997,54.59999999999998,90.69999999999996,123.59999999999995,142.2,16.619999999999994,19.514285714285727
2020-01-07,01.07.20 00:00,76,0.0,3.8,3.8,21.4,19.4,18.9,0.0,28.09999999999997,52.89999999999998,90.29999999999995,121.49999999999996,142.2,16.847999999999992,19.642857142857157
2020-02-07,02.07.20 00:00,90,4.0,4.6,4.2,18.7,20.0,19.4,2.7,30.79999999999997,30.799999999999983,92.99999999999996,108.89999999999996,144.89999999999998,17.115999999999993,19.40000000000001
2020-03-07,03.07.20 00:00,85,0.3,4.7,4.2,16.7,19.5,19.1,0.2,30.899999999999967,30.999999999999982,81.19999999999996,106.49999999999997,145.09999999999997,17.235999999999994,18.871428571428577
2020-04-07,04.07.20 00:00,76,0.0,5.2,4.5,18.0,18.8,18.6,0.0,30.099999999999966,30.999999999999982,79.29999999999995,102.99999999999997,134.19999999999996,17.459999999999994,18.528571428571436
2020-05-07,05.07.20 00:00,77,0.0,6.2,5.0,20.3,19.1,18.8,0.0,22.899999999999967,30.999999999999982,79.29999999999995,93.59999999999997,126.49999999999996,17.727999999999994,18.628571428571437
2020-06-07,06.07.20 00:00,75,0.0,7.1,5.4,17.8,19.4,19.0,0.0,2.8999999999999773,30.999999999999982,79.29999999999995,93.19999999999996,124.39999999999996,17.83599999999999,18.757142857142867
2020-07-07,07.07.20 00:00,65,0.0,8.3,5.9,15.9,18.5,18.5,0.0,2.8999999999999773,30.999999999999982,57.49999999999994,93.19999999999996,109.09999999999997,17.743999999999993,18.40000000000001
2020-08-07,08.07.20 00:00,67,0.0,10.3,6.4,18.1,18.4,18.3,0.0,2.8999999999999773,30.999999999999982,55.79999999999994,81.19999999999996,106.49999999999997,17.807999999999993,17.928571428571438
2020-09-07,09.07.20 00:00,67,0.0,13.3,7.0,21.1,18.8,18.5,0.0,0.19999999999997708,30.89999999999998,30.999999999999943,79.29999999999995,102.99999999999997,18.095999999999993,18.27142857142858
2020-10-07,10.07.20 00:00,71,13.4,18.1,8.1,21.5,19.1,18.7,10.3,10.29999999999998,40.399999999999984,41.29999999999994,89.59999999999995,103.89999999999996,18.335999999999995,18.957142857142863
2020-11-07,11.07.20 00:00,86,12.8,17.0,8.5,17.7,19.3,18.9,12.899999999999997,23.199999999999974,46.09999999999998,54.19999999999994,102.49999999999994,116.39999999999995,18.359999999999992,18.914285714285718
2020-12-07,12.07.20 00:00,70,0.0,15.5,9.0,17.5,18.9,18.7,0.0,23.199999999999974,26.09999999999999,54.19999999999994,80.69999999999993,116.39999999999995,18.49599999999999,18.514285714285716
2020-07-13,13.07.20 00:00,68,0.0,18.9,9.7,17.8,18.8,18.7,0.0,23.199999999999974,26.09999999999999,54.19999999999994,78.99999999999993,104.39999999999995,18.635999999999992,18.514285714285716
2020-07-14,14.07.20 00:00,70,0.0,23.1,10.4,18.0,18.8,18.7,0.0,23.199999999999974,26.09999999999999,54.19999999999994,54.19999999999993,102.49999999999994,18.82399999999999,18.814285714285717
2020-07-15,15.07.20 00:00,85,1.7,25.2,10.9,16.5,18.8,18.6,1.4000000000000006,24.599999999999977,24.799999999999994,55.59999999999994,55.59999999999993,103.89999999999995,18.83599999999999,18.58571428571429
2020-07-16,16.07.20 00:00,92,8.9,24.1,11.2,15.9,18.3,18.3,7.599999999999997,32.199999999999974,32.19999999999999,63.09999999999993,63.199999999999925,111.49999999999994,18.763999999999992,17.84285714285715
2020-07-17,17.07.20 00:00,90,1.8,24.2,11.4,16.3,18.2,18.1,1.8000000000000003,23.69999999999997,33.999999999999986,64.09999999999994,64.99999999999993,91.49999999999993,18.635999999999992,17.100000000000005
2020-07-18,18.07.20 00:00,73,0.0,28.1,11.9,17.4,18.1,18.0,0.0,10.799999999999974,33.999999999999986,56.899999999999935,64.99999999999993,89.79999999999993,18.52799999999999,17.057142857142864
2020-07-19,19.07.20 00:00,73,0.0,34.4,12.6,18.4,18.3,18.2,0.0,10.799999999999974,33.999999999999986,36.89999999999995,64.99999999999993,64.99999999999993,18.44399999999999,17.18571428571429
2020-07-20,20.07.20 00:00,71,0.0,41.1,13.5,20.1,18.7,18.4,0.0,10.799999999999974,33.999999999999986,36.89999999999995,64.99999999999993,64.99999999999993,18.43199999999999,17.51428571428572
2020-07-21,21.07.20 00:00,83,1.0,47.9,14.3,20.1,19.0,18.7,0.6000000000000001,11.399999999999974,34.59999999999999,37.49999999999995,65.49999999999993,65.59999999999992,18.419999999999995,17.81428571428572
2020-07-22,22.07.20 00:00,82,0.0,51.2,15.0,20.8,19.3,18.9,0.0,9.999999999999973,34.59999999999999,34.79999999999995,64.69999999999993,65.59999999999992,18.435999999999993,18.428571428571438
2020-07-23,23.07.20 00:00,73,0.0,56.6,15.9,21.1,19.5,19.0,0.0,2.3999999999999764,24.299999999999986,34.599999999999945,57.49999999999993,65.59999999999992,18.495999999999995,19.171428571428578
2020-07-24,24.07.20 00:00,85,5.6,61.5,16.6,17.3,19.4,19.1,4.000000000000001,4.5999999999999766,15.39999999999999,38.599999999999945,41.49999999999994,69.59999999999992,18.511999999999997,19.31428571428572
2020-07-25,25.07.20 00:00,76,0.0,62.5,17.4,19.4,18.9,18.8,0.0,4.5999999999999766,15.39999999999999,38.599999999999945,41.49999999999994,69.59999999999992,18.551999999999996,19.600000000000005
2020-07-26,26.07.20 00:00,77,1.5,64.2,18.5,20.3,19.3,19.0,1.4000000000000001,5.999999999999977,16.79999999999999,39.99999999999994,42.89999999999994,70.89999999999993,18.507999999999996,19.871428571428577
2020-07-27,27.07.20 00:00,72,0.0,66.4,20.2,21.6,19.3,19.0,0.0,5.999999999999977,16.79999999999999,39.99999999999994,40.19999999999994,70.09999999999994,18.624,20.085714285714293
2020-07-28,28.07.20 00:00,74,4.1,68.0,22.2,23.0,19.8,19.4,2.7,8.099999999999978,18.099999999999987,42.699999999999946,42.69999999999994,65.59999999999994,18.875999999999998,20.500000000000007
2020-07-29,29.07.20 00:00,68,0.0,68.8,24.6,22.0,20.2,19.7,0.0,8.099999999999978,10.49999999999999,42.699999999999946,42.69999999999994,45.59999999999995,19.035999999999998,20.671428571428578
2020-07-30,30.07.20 00:00,67,0.0,70.1,28.4,22.2,20.0,19.7,0.0,8.099999999999978,8.699999999999989,32.39999999999995,42.69999999999994,45.59999999999995,19.112,20.828571428571433
2020-07-31,31.07.20 00:00,70,0.0,70.1,33.8,25.3,20.5,20.0,0.0,4.099999999999977,8.699999999999989,19.49999999999995,42.69999999999994,45.59999999999995,19.412,21.97142857142858
2020-01-08,01.08.20 00:00,76,0.6,70.2,39.2,23.4,20.8,20.3,0.30000000000000004,4.399999999999977,8.99999999999999,19.79999999999995,42.999999999999936,43.199999999999946,19.712,22.542857142857148
2020-02-08,02.08.20 00:00,93,11.8,70.3,41.3,19.2,20.4,20.1,10.499999999999998,13.499999999999975,19.499999999999986,30.299999999999947,53.499999999999936,53.49999999999994,19.755999999999997,22.38571428571429
2020-03-08,03.08.20 00:00,99,36.1,49.4,27.2,15.5,18.9,19.1,32.80000000000001,46.29999999999998,51.699999999999996,63.09999999999996,86.29999999999995,86.29999999999995,19.531999999999996,21.514285714285716
2020-04-08,04.08.20 00:00,96,9.6,1.0,0.9,13.9,17.3,17.8,9.199999999999996,52.799999999999976,60.89999999999999,70.89999999999995,85.19999999999995,95.49999999999994,19.227999999999994,20.21428571428572
2020-05-08,05.08.20 00:00,80,0.0,1.9,1.7,16.0,17.6,17.8,0.0,52.799999999999976,60.89999999999999,63.299999999999955,72.29999999999995,95.49999999999994,19.159999999999997,19.35714285714286
2020-06-08,06.08.20 00:00,80,0.0,2.6,2.4,18.3,18.1,18.1,0.0,52.799999999999976,56.89999999999999,61.49999999999996,72.29999999999995,95.49999999999994,19.191999999999997,18.800000000000008
2020-07-08,07.08.20 00:00,81,0.0,3.2,3.0,20.6,18.7,18.5,0.0,52.799999999999976,56.89999999999999,61.49999999999996,72.29999999999995,95.49999999999994,19.303999999999995,18.128571428571437
2020-08-08,08.08.20 00:00,77,0.0,3.9,3.5,22.0,19.3,19.0,0.0,52.49999999999998,55.49999999999999,61.49999999999996,72.29999999999995,95.49999999999994,19.463999999999995,17.928571428571434
2020-09-08,09.08.20 00:00,75,0.0,4.5,4.0,21.9,19.6,19.4,0.0,41.99999999999998,55.49999999999999,61.49999999999996,70.89999999999995,85.19999999999995,19.679999999999996,18.31428571428572
2020-10-08,10.08.20 00:00,75,0.0,5.2,4.4,22.4,19.9,19.6,0.0,9.199999999999967,52.79999999999999,60.899999999999956,63.299999999999955,72.29999999999995,19.939999999999994,19.300000000000008
2020-11-08,11.08.20 00:00,74,0.0,5.9,4.6,23.9,20.3,19.9,0.0,-2.842170943040401e-14,52.79999999999999,60.899999999999956,61.49999999999996,72.29999999999995,20.243999999999993,20.728571428571435
2020-12-08,12.08.20 00:00,80,0.0,6.8,4.9,23.4,20.5,20.2,0.0,-2.842170943040401e-14,52.79999999999999,60.899999999999956,61.49999999999996,72.29999999999995,20.483999999999995,21.785714285714295
2020-08-13,13.08.20 00:00,79,0.1,7.7,5.2,21.6,20.7,20.4,0.1,0.09999999999997158,52.89999999999999,56.99999999999996,61.59999999999996,72.39999999999995,20.612,22.257142857142863
2020-08-14,14.08.20 00:00,89,5.4,8.5,5.5,20.0,20.3,20.2,4.3,4.399999999999971,56.89999999999999,61.299999999999955,65.89999999999996,75.29999999999994,20.607999999999997,22.171428571428578
2020-08-15,15.08.20 00:00,84,0.1,9.2,5.7,20.0,20.2,20.1,0.0,4.399999999999971,46.39999999999999,59.899999999999956,65.29999999999997,67.69999999999995,20.603999999999996,21.885714285714293
2020-08-16,16.08.20 00:00,82,9.5,10.2,6.0,20.6,20.1,20.1,7.1,11.499999999999972,20.69999999999998,66.99999999999996,72.39999999999996,72.99999999999994,20.596,21.700000000000006
2020-08-17,17.08.20 00:00,92,16.3,9.2,6.3,18.7,20.1,20.0,15.099999999999996,26.599999999999966,26.59999999999998,79.39999999999995,87.49999999999996,88.09999999999994,20.5,21.171428571428574
2020-08-18,18.08.20 00:00,88,3.4,7.6,6.5,18.2,19.9,19.9,3.1,29.699999999999967,29.69999999999998,82.49999999999994,86.59999999999995,91.19999999999993,20.536000000000005,20.357142857142858
2020-08-19,19.08.20 00:00,87,0.1,7.7,6.4,18.8,19.5,19.7,0.1,29.79999999999997,29.799999999999983,82.59999999999994,86.69999999999995,91.29999999999993,20.512000000000004,19.7
2020-08-20,20.08.20 00:00,81,0.1,9.1,6.4,22.6,20.1,19.8,0.0,29.699999999999967,29.799999999999983,82.59999999999994,85.29999999999994,90.69999999999993,20.604000000000006,19.842857142857145
2020-08-21,21.08.20 00:00,77,0.0,12.2,6.6,23.2,20.3,20.1,0.0,25.399999999999967,29.799999999999983,82.29999999999994,85.29999999999994,90.69999999999993,20.668000000000006,20.3
2020-08-22,22.08.20 00:00,88,8.2,13.1,6.8,19.7,20.3,20.2,6.8,32.19999999999997,36.59999999999998,78.59999999999994,89.39999999999993,97.49999999999993,20.53600000000001,20.257142857142856
2020-08-23,23.08.20 00:00,77,0.0,13.4,6.8,18.4,19.7,19.9,0.0,25.099999999999966,36.59999999999998,45.799999999999926,89.39999999999993,93.49999999999993,20.392000000000007,19.942857142857143
2020-08-24,24.08.20 00:00,72,0.0,16.8,6.9,17.2,19.1,19.5,0.0,9.99999999999997,36.59999999999998,36.59999999999993,89.39999999999993,93.49999999999993,20.19200000000001,19.728571428571428
2020-08-25,25.08.20 00:00,77,0.0,19.6,7.1,16.9,18.3,18.9,0.0,6.89999999999997,36.59999999999998,36.59999999999993,89.39999999999993,92.09999999999992,19.85600000000001,19.542857142857144
2020-08-26,26.08.20 00:00,57,0.0,24.4,7.4,21.5,18.6,18.8,0.0,6.7999999999999705,36.49999999999998,36.59999999999993,89.09999999999994,92.09999999999992,19.780000000000015,19.928571428571427
2020-08-27,27.08.20 00:00,78,0.0,29.9,7.7,17.2,18.1,18.6,0.0,6.7999999999999705,32.19999999999998,36.59999999999993,78.59999999999994,89.39999999999992,19.700000000000014,19.157142857142855
2020-08-28,28.08.20 00:00,91,7.6,31.7,8.0,16.4,17.8,18.3,6.999999999999999,13.799999999999969,39.19999999999998,43.59999999999993,52.799999999999926,96.39999999999992,19.73600000000001,18.185714285714287
2020-08-29,29.08.20 00:00,98,3.7,30.1,8.3,14.0,17.8,18.1,3.8000000000000016,10.799999999999969,35.899999999999984,47.399999999999935,47.399999999999935,100.19999999999992,19.740000000000013,17.371428571428574
2020-08-30,30.08.20 00:00,100,31.0,24.3,5.9,11.7,17.2,17.7,32.70000000000001,43.49999999999998,53.5,80.09999999999994,80.09999999999994,132.89999999999992,19.568000000000012,16.414285714285715
2020-08-31,31.08.20 00:00,89,0.0,1.8,1.6,13.4,16.5,17.0,0.0,43.49999999999998,50.4,80.09999999999994,80.09999999999994,132.5999999999999,19.37200000000001,15.871428571428572
2020-01-09,01.09.20 00:00,89,0.0,2.2,2.3,14.5,16.6,17.0,0.0,43.49999999999998,50.3,80.09999999999994,80.09999999999994,122.09999999999991,19.12800000000001,15.52857142857143
2020-02-09,02.09.20 00:00,87,0.0,2.7,2.8,14.2,16.6,17.0,0.0,43.49999999999998,50.3,79.99999999999994,80.09999999999994,89.2999999999999,18.81600000000001,14.48571428571429
2020-03-09,03.09.20 00:00,83,0.0,3.1,3.2,14.8,16.1,16.7,0.0,43.49999999999998,50.3,75.69999999999995,80.09999999999994,80.09999999999991,18.53200000000001,14.142857142857144
2020-04-09,04.09.20 00:00,89,0.0,3.5,3.5,14.7,15.9,16.6,0.0,36.49999999999998,43.5,75.69999999999995,80.09999999999994,80.09999999999991,18.22400000000001,13.900000000000002
